il_gan,character,most_oheang,content_ko,content_en
계,1,water,"모빈은 유연하고 온화한 성품을 가진 캐릭터입니다. {name} 님은 모빈들 중에서도 사회성과 처세술의 비율이 가장 많네요. 아래에서 위로 솟는 힘을 부드럽게 분출하고, 밖으로 나가지 않으면서도 안을 바깥만큼 넓히려 애쓰는군요. 적응력과 통찰력 갑입니다. 경쟁자를 동료로 만들어 버리는 처세술과, 투쟁 대상의 입장마저 이해하는 사회성으로 널리 세상을 촉촉하고 부드럽게 만드는 모빈입니다.","MoVin is a character with a flexible and gentle nature. Among the MoVins, {name} has the highest proportion of sociability and tact. They gently release their inner power from the bottom up, and while not going outward, they strive to expand their inner world as much as the outside. Their adaptability and insight are exceptional. With sociability that turns competitors into allies and tact that understands even the stance of their opponents, {name} is/are a MoVin who makes the world moist and soft."
계,1,gold,"모빈은 유연하고 온화한 성품을 가진 캐릭터입니다. {name} 님은 모빈들 중에서도 완벽주의와 예리함의 비율이 가장 많네요. 아래에서 위로 솟는 힘을 부드럽게 분출하고, 밖으로 나가지 않으면서도 안을 바깥만큼 넓히려 애쓰는군요. 적응력과 통찰력 갑입니다. 적응력과 통찰력 갑입니다. 드러나 보이지 않지만 반드시 결과를 내는 완벽주의와, 총명함에서 비롯된 예리한 촉으로 널리 세상을 촉촉하고 부드럽게 만드는 모빈입니다.","MoVin is a character with a flexible and gentle nature. Among the MoVins, {name} has the highest proportion of perfectionism and sharpness. They gently release their inner power from the bottom up, and while not going outward, they strive to expand their inner world as much as the outside. Their adaptability and insight are exceptional. Hidden from view, yet inevitably producing results with perfectionism, and a sharp intuition born from intelligence, {name} is/are a MoVin who makes the world moist and soft."
계,1,ground,"모빈은 유연하고 온화한 성품을 가진 캐릭터입니다. {name} 님은 모빈들 중에서도 차분함과 성실함의 비율이 가장 많네요. 아래에서 위로 솟는 힘을 부드럽게 분출하고, 밖으로 나가지 않으면서도 안을 바깥만큼 넓히려 애쓰는군요. 적응력과 통찰력 갑입니다. 적응력과 통찰력 갑입니다. 특유의 유연함에서 비롯된 차분함과, 할 수 있을 때 남 신경 안 쓰고 바짝 해버리는 지혜로운 성실성으로 널리 세상을 촉촉하고 부드럽게 만드는 모빈입니다.","MoVin is a character with a flexible and gentle nature. Among the MoVins, {name} has the highest proportion of calmness and diligence. They gently release their inner power from the bottom up, and while not going outward, they strive to expand their inner world as much as the outside. Their adaptability and insight are exceptional. Derived from their unique flexibility, calmness, and the wise diligence of doing things when they can without worrying about others, {name} is/are a MoVin who makes the world moist and soft."
계,1,fire,"모빈은 유연하고 온화한 성품을 가진 캐릭터입니다. {name} 님은 모빈들 중에서도 리더십과 활동성의 비율이 가장 많네요. 아래에서 위로 솟는 힘을 부드럽게 분출하고, 밖으로 나가지 않으면서도 안을 바깥만큼 넓히려 애쓰는군요. 적응력과 통찰력 갑입니다. 배려와 공감의 리더십과, 솔선수범하는 활동성으로 널리 세상을 촉촉하고 부드럽게 만드는 모빈입니다.","MoVin is a character with a flexible and gentle nature. Among the MoVins, {name} has the highest proportion of leadership and activity. They gently release their inner power from the bottom up, and while not going outward, they strive to expand their inner world as much as the outside. Their adaptability and insight are exceptional. With leadership based on care and empathy, and the activity that leads by example, {name} is/are a MoVin who makes the world moist and soft."
계,1,wood,"모빈은 유연하고 온화한 성품을 가진 캐릭터입니다. {name} 님은 모빈들 중에서도 인자함과 추진력의 비율이 가장 많네요. 아래에서 위로 솟는 힘을 부드럽게 분출하고, 밖으로 나가지 않으면서도 안을 바깥만큼 넓히려 애쓰는군요. 적응력과 통찰력 갑입니다. 약자들의 아픔에 공감하는 인자함과, 생기 있고 발랄한 추진력을 통해 널리 세상을 촉촉하고 부드럽게 만드는 모빈입니다.","MoVin is a character with a flexible and gentle nature. Among the MoVins, {name} has the highest proportion of kindness and drive. They gently release their inner power from the bottom up, and while not going outward, they strive to expand their inner world as much as the outside. Their adaptability and insight are exceptional. With kindness that empathizes with the pain of the weak, and vibrant, lively drive, {name} is/are a MoVin who makes the world moist and soft."
임,1,water,"모빈은 통이 크고 예지력이 뛰어난 캐릭터입니다. {name} 님은 모빈들 중에서도 사회성과 처세술의 비율이 가장 많네요. 위에서 아래로 떨어지는 모든 것들을 품어 안으며, 그것들을 살리기 위해, 얼리는 힘을 실행하면서, 밖을 안보다 더 좁게 만들어버리는군요. 포용력과 응집력 갑이네요. 투쟁하면서도 상대를 인정하는 처세술과, 경쟁하면서도 상대를 배려하는 사회성을 통해 널리 세상을 풍요롭게 만드는 모빈입니다.","MoVin is a character with great generosity and foresight. Among the MoVins, {name} has the highest proportion of sociability and tact. They embrace everything that falls from above and below, using the power of freezing to save it, making the outside smaller than the inside. Their inclusivity and cohesion are exceptional. Through tact that recognizes the opponent while competing, and sociability that cares for others while competing, {name} is/are a MoVin who enriches the world"
임,1,gold,"모빈은 통이 크고 예지력이 뛰어난 캐릭터입니다. {name} 님은 모빈들 중에서도 완벽주의와 예리함의 비율이 가장 많네요. 위에서 아래로 떨어지는 모든 것들을 품어 안으며, 그것들을 살리기 위해, 얼리는 힘을 실행하면서, 밖을 안보다 더 좁게 만들어버리는군요. 포용력과 응집력 갑이네요. 시원시원하면서도 완벽한 일처리와, 사물의 본질을 한눈에 꿰버리는 예리한 통찰력을 통해 널리 세상을 풍요롭게 만드는 모빈입니다.","MoVin is a character with great generosity and foresight. Among the MoVins, {name} has the highest proportion of perfectionism and sharpness. They embrace everything that falls from above and below, using the power of freezing to save it, making the outside smaller than the inside. Their inclusivity and cohesion are exceptional. With straightforward perfectionism and sharp insight that captures the essence of things, {name} is/are a MoVin who enriches the world."
임,1,ground,"모빈은 통이 크고 예지력이 뛰어난 캐릭터입니다. {name} 님은 모빈들 중에서도 차분함과 성실함의 비율이 가장 많네요. 위에서 아래로 떨어지는 모든 것들을 품어 안으며, 그것들을 살리기 위해, 얼리는 힘을 실행하면서, 밖을 안보다 더 좁게 만들어버리는군요. 포용력과 응집력 갑이네요. 본질적이지 않은 것들에 휘둘리지 않는 차분함과, 오직 본질적인 것만을 추구하는 우직한 성실함을 통해 널리 세상을 풍요롭게 만드는 모빈입니다.","MoVin is a character with great generosity and foresight. Among the MoVins, {name} has the highest proportion of calmness and diligence. They embrace everything that falls from above and below, using the power of freezing to save it, making the outside smaller than the inside. Their inclusivity and cohesion are exceptional. With calmness that doesn’t show but supports, and diligence that works without being seen, {name} is/are a MoVin who enriches the world."
임,1,fire,"모빈은 통이 크고 예지력이 뛰어난 캐릭터입니다. {name} 님은 모빈들 중에서도 리더십과 활동성의 비율이 가장 많네요. 위에서 아래로 떨어지는 모든 것들을 품어 안으며, 그것들을 살리기 위해, 얼리는 힘을 실행하면서, 밖을 안보다 더 좁게 만들어버리는군요. 포용력과 응집력 갑이네요. 내가 가진 것을 먼저 주는 통큰 리더십과, 내가 없는 것을 갖기 위해 쉬지 않고 전진하는 활동력을 통해 널리 세상을 풍요롭게 만드는 모빈입니다.","MoVin is a character with great generosity and foresight. Among the MoVins, {name} has the highest proportion of leadership and activity. They embrace everything that falls from above and below, using the power of freezing to save it, making the outside smaller than the inside. Their inclusivity and cohesion are exceptional. Through the active leadership built on solidarity and unseen leadership, {name} is/are a MoVin who enriches the world."
임,1,wood,"모빈은 통이 크고 예지력이 뛰어난 캐릭터입니다. {name} 님은 모빈들 중에서도 인자함과 추진력의 비율이 가장 많네요. 위에서 아래로 떨어지는 모든 것들을 품어 안으며, 그것들을 살리기 위해, 얼리는 힘을 실행하면서, 밖을 안보다 더 좁게 만들어버리는군요. 포용력과 응집력 갑이네요. 보상을 바라지 않고 가진 걸 나눠 주는 인자함과, 목표를 향한 놀라운 집중력과 추진력을 통해, 널리 세상을 풍요롭게 만드는 모빈입니다.","MoVin is a character with great generosity and foresight. Among the MoVins, {name} has the highest proportion of kindness and drive. They embrace everything that falls from above and below, using the power of freezing to save it, making the outside smaller than the inside. Their inclusivity and cohesion are exceptional. With kindness that shares without expecting rewards and an amazing focus and drive toward their goals, {name} is/are a MoVin who enriches the world widely."
정,4,water,"딘은 따뜻하고 배려심이 깊은 캐릭터입니다. {name} 님은 딘들 중에서도 사회성과 처세술의 비율이 가장 많네요. 어둠 속에서 더욱 빛나는 아름다움과, 추위 속에서도 따뜻하게 타오르는 지혜를 통해, 밖에서 안으로 밀고 들어오는 힘이 대단합니다. 목표를 위해 필요한 만큼의 처세술과, 목적이 분명한 일을 합리적 명분을 가지고 설득하는 사회성을 통해 널리 만물을 살리는 딘입니다.","Diin is a warm and considerate character. Among the Diins, {name} has the highest proportion of sociability and tact. With beauty that shines even brighter in the dark and wisdom that burns warmly even in the cold, they have immense strength coming from within. Through the necessary tact for the goal and the sociability that persuades with rational justification, {name} is/are a Diin who saves the world."
정,4,gold,"딘은 따뜻하고 배려심이 깊은 캐릭터입니다. {name} 님은 딘들 중에서도 완벽주의와 예리함의 비율이 가장 많네요. 어둠 속에서 더욱 빛나는 아름다움과, 추위 속에서도 따뜻하게 타오르는 지혜를 통해, 밖에서 안으로 밀고 들어오는 힘이 대단합니다. 유난히 예리한 관찰력과 책임감에서 우러나오는 완벽주의를 통해 널리 만물을 살리는 딘입니다.","Diin is a warm and considerate character. Among the Diins, {name} has the highest proportion of perfectionism and sharpness. With beauty that shines even brighter in the dark and wisdom that burns warmly even in the cold, they have immense strength coming from within. Through keen observation and perfectionism driven by responsibility, {name} is/are a Diin who saves the world."
정,4,ground,"딘은 따뜻하고 배려심이 깊은 캐릭터입니다. {name} 님은 딘들 중에서도 차분함과 성실성의 비율이 가장 많네요. 어둠 속에서 더욱 빛나는 아름다움과, 추위 속에서도 따뜻하게 타오르는 지혜를 통해, 밖에서 안으로 밀고 들어오는 힘이 대단합니다. 드러나지 않지만 지원하는 차분함과 보이지 않지만 활동하는 성실성으로 널리 만물을 살리는 딘입니다.","Diin is a warm and considerate character. Among the Diins, {name} has the highest proportion of calmness and diligence. With beauty that shines even brighter in the dark and wisdom that burns warmly even in the cold, they have immense strength coming from within. With calmness that doesn’t show but supports, and diligence that works without being seen, {name} is/are a Diin who saves the world."
정,4,fire,"딘은 따뜻하고 배려심이 깊은 캐릭터입니다. {name} 님은 딘들 중에서도 리더십과 활동성의 비율이 가장 많네요. 어둠 속에서 더욱 빛나는 아름다움과, 추위 속에서도 따뜻하게 타오르는 지혜를 통해, 밖에서 안으로 밀고 들어오는 힘이 대단합니다. 연대감을 기반으로 한 활동력과 드러나지 않는 리더십으로 널리 만물을 살리는 딘입니다.","Diin is a warm and considerate character. Among the Diins, {name} has the highest proportion of leadership and activity. With beauty that shines even brighter in the dark and wisdom that burns warmly even in the cold, they have immense strength coming from within. Through the solidarity-based activity and unseen leadership, {name} is/are a Diin who saves the world."
정,4,wood,"딘은 따뜻하고 배려심이 깊은 캐릭터입니다. {name} 님은 딘들 중에서도 인자함과 추진력의 비율이 가장 많네요. 어둠 속에서 더욱 빛나는 아름다움과, 추위 속에서도 따뜻하게 타오르는 지혜를 통해, 밖에서 안으로 밀고 들어오는 힘이 대단합니다. 특별한 사명감과 인자한 마음으로 널리 만물을 살리는 딘입니다.","Diin is a character with warmth and deep consideration. {name} has the highest proportion of kindness and drive among the Diins. Through beauty that shines brighter in the dark and wisdom that burns warm even in the cold, {name} brings forth incredible strength that pushes inward. With a special sense of mission and a kind heart, {name} is/are a Diin who saves the world widely"
병,4,water,"딘은 화려하고 자기 중심적인 성품을 가진 캐릭터입니다. {name} 님은 딘들 중에서도 사회성과 처세술의 비율이 가장 많네요. 스스로 피어나는 아름다움과, 만물을 비추는 지혜를 통해, 안에서 밖으로 퍼져 나가는 힘이 대단합니다. 자신을 드러내지 않는 적당한 처세술과, 그래도 자신의 특성을 살려 해야 할 일은 하는 쾌활한 사회성을 통해 널리 세상을 아름답게 만드는 딘입니다.","Diin is a character with a dazzling, self-centered personality. {name} has the highest proportion of social skills and tact among the Diins. Through beauty that blooms on its own and wisdom that illuminates all things, {name} radiates energy outward. With just the right amount of tact and a cheerful sociability that gets things done, {name} is/are a Diin who makes the world beautiful."
병,4,gold,"딘은 화려하고 자기 중심적인 성품을 가진 캐릭터입니다. {name} 님은 딘들 중에서도 완벽주의와 예리함의 비율이 가장 많네요. 스스로 피어나는 아름다움과, 만물을 비추는 지혜를 통해, 안에서 밖으로 퍼져 나가는 힘이 대단합니다. 갈등을 일거에 해결하려는 과감한 결단력과, 차가운 것을 빛나게 제련하는 예리한 완벽주의로 널리 세상을 아름답게 만드는 딘입니다.","Diin is a character with a dazzling, self-centered personality. {name} has the highest proportion of perfectionism and sharpness among the Diins. Through beauty that blooms on its own and wisdom that illuminates all things, {name} radiates energy outward. With bold decision-making that solves conflicts and sharp perfectionism that refines cold things to shine, {name} is/are a Diin who makes the world beautiful."
병,4,ground,"딘은 화려하고 자기 중심적인 성품을 가진 캐릭터입니다. {name} 님은 딘들 중에서도 차분함과 성실함의 비율이 가장 많네요. 스스로 피어나는 아름다움과, 만물을 비추는 지혜를 통해, 안에서 밖으로 퍼져 나가는 힘이 대단합니다. 속도를 조절할 줄 아는 차분함과 쉴 때를 지키는 성실함으로 널리 세상을 아름답게 만드는 딘입니다.","Diin is a character with a dazzling, self-centered personality. {name} has the highest proportion of calmness and diligence among the Diins. Through beauty that blooms on its own and wisdom that illuminates all things, {name} radiates energy outward. With calmness that knows how to regulate speed and diligent sincerity that knows when to rest, {name} is/are a Diin who makes the world beautiful"
병,4,fire,"딘은 화려하고 자기 중심적인 성품을 가진 캐릭터입니다. {name} 님은 딘들 중에서도 리더십과 활동성의 비율이 가장 많네요. 스스로 피어나는 아름다움과, 만물을 비추는 지혜를 통해, 안에서 밖으로 퍼져 나가는 힘이 대단합니다. 속도감 있는 리더십과 눈부신 확장력으로 널리 세상을 아름답게 만드는 딘입니다.","Diin is a character with a dazzling, self-centered personality. {name} has the highest proportion of leadership and activity among the Diins. Through beauty that blooms on its own and wisdom that illuminates all things, {name} radiates energy outward. With speedy leadership and brilliant expansiveness, {name} is/are a Diin who makes the world beautiful."
병,4,wood,"딘은 화려하고 자기 중심적인 성품을 가진 캐릭터입니다. {name} 님은 딘들 중에서도 인자함과 추진력의 비율이 가장 많네요. 스스로 피어나는 아름다움과, 만물을 비추는 지혜를 통해, 안에서 밖으로 퍼져 나가는 힘이 대단합니다. 비범한 감수성과 인자한 마음으로 널리 세상을 아름답게 만드는 딘입니다.","Diin is a character with a dazzling, self-centered personality. {name} has the highest proportion of kindness and drive among the Diins. Through beauty that blooms on its own and wisdom that illuminates all things, {name} radiates energy outward. With extraordinary sensitivity and a kind heart, {name} is/are a Diin who makes the world beautiful."
기,3,water,"무디는 은근하고 포근한 성품을 가진 캐릭터입니다. {name} 님은 무디들 중에서도 사회성과 처세술의 비율이 가장 많네요. 추위 속에서 생명을 기르는 온정과, 남이 알아 주지 않아도 반드시 필요한 지혜를 통해, 밖을 바라 보면서도 안을 지키는 힘이 대단합니다. 생명을 기른다는 목표를 이루기 위해 필요한 적절한 처세술과, 생명을 살리는 일에는 너와 내가 있을 수 없다는 자기 희생적 사회성을 통해 널리 만물을 보호하는 무디입니다.","Moodey is a character with subtle and cozy qualities. {name} has the highest proportion of social skills and tact among the Moodeys. Through warmth that nurtures life even in the cold and necessary wisdom that may not be recognized by others, {name} has great strength that looks outward while protecting the inside. With the right tact for nurturing life and self-sacrificing sociability, {name} is/are a Moodey who protects all things"
기,3,gold,"무디는 은근하고 포근한 성품을 가진 캐릭터입니다. {name} 님은 무디들 중에서도 완벽주의와 예리함의 비율이 가장 많네요. 추위 속에서 생명을 기르는 온정과, 남이 알아 주지 않아도 반드시 필요한 지혜를 통해, 밖을 바라 보면서도 안을 지키는 힘이 대단합니다. 여름에 이미 겨울을 준비하는 타고난 완벽주의와, 가을에 이미 겨울 추위를 느껴 버리는 예리한 감각으로 널리 만물을 보호하는 무디입니다.","Moodey is a character with subtle and cozy qualities. {name} has the highest proportion of perfectionism and sharpness among the Moodeys. Through warmth that nurtures life even in the cold and necessary wisdom that may not be recognized by others, {name} has great strength that looks outward while protecting the inside. With natural perfectionism that prepares for winter in summer and sharp perception that feels the cold of autumn, {name} is/are a Moodey who protects all things"
기,3,ground,"무디는 은근하고 포근한 성품을 가진 캐릭터입니다. {name} 님은 무디들 중에서도 차분함과 성실성의 비율이 가장 많네요. 추위 속에서 생명을 기르는 온정과, 남이 알아 주지 않아도 반드시 필요한 지혜를 통해, 밖을 바라 보면서도 안을 지키는 힘이 대단합니다. 과유불급하는 차분한 마음과, 여름 밤에도 쉬지 않는 성실함으로 널리 만물을 보호하는 무디입니다.","Moodey is a character with subtle and cozy qualities. {name} has the highest proportion of calmness and diligence among the Moodeys. Through warmth that nurtures life even in the cold and necessary wisdom that may not be recognized by others, {name} has great strength that looks outward while protecting the inside. With calmness that practices moderation and diligence that never rests even on summer nights, {name} is/are a Moodey who protects all things"
기,3,fire,"무디는 은근하고 포근한 성품을 가진 캐릭터입니다. {name} 님은 무디들 중에서도 리더십과 활동성의 비율이 가장 많네요. 추위 속에서 생명을 기르는 온정과, 남이 알아 주지 않아도 반드시 필요한 지혜를 통해, 밖을 바라 보면서도 안을 지키는 힘이 대단합니다. 자기를 희생하는 리더십과, 보이지 않는 정신적 활동으로 널리 만물을 보호하는 무디입니다.","Moodey is a character with subtle and cozy qualities. {name} has the highest proportion of leadership and activity among the Moodeys. Through warmth that nurtures life even in the cold and necessary wisdom that may not be recognized by others, {name} has great strength that looks outward while protecting the inside. With self-sacrificing leadership and invisible mental activity, {name} is/are a Moodey who protects all things"
기,3,wood,"무디는 은근하고 포근한 성품을 가진 캐릭터입니다. {name} 님은 무디들 중에서도 인자함과 추진력의 비율이 가장 많네요. 추위 속에서 생명을 기르는 온정과, 남이 알아 주지 않아도 반드시 필요한 지혜를 통해, 밖을 바라 보면서도 안을 지키는 힘이 대단합니다. 은밀한 추진력과 인자한 마음으로 널리 만물을 보호하는 무디입니다.","Moodey is a character with subtle and cozy qualities. {name} has the highest proportion of kindness and drive among the Moodeys. Through warmth that nurtures life even in the cold and necessary wisdom that may not be recognized by others, {name} has great strength that looks outward while protecting the inside. With discreet drive and a kind heart, {name} is/are a Moodey who protects all things"
무,3,water,"무디는 중후하고 중립적 가치를 선호하는 캐릭터입니다. {name} 님은 무디들 중에서도 완벽주의와 예리함의 비율이 가장 많네요. 안에서 밖으로 퍼져 나가는 묵직한 힘을 간직하고, 느리지만 머물며 관조하는 힘이 대단합니다. 급할 수록 돌아가는 낙천적 완벽주의와, 가장 높은 곳에서 낮은 곳을 생각하는 예리한 통찰력으로 널리 세상을 평화롭게 만드는 무디입니다.","Moodey is a character with a heavy and neutral value preference. {name} has the highest proportion of perfectionism and sharpness among the Moodeys. With the powerful energy that flows from inside to outside, {name} holds a contemplative and slow-moving strength. With optimistic perfectionism that turns the rush into calm and keen insight that thinks of low places from high, {name} is/are a Moodey who makes the world peaceful"
무,3,gold,"무디는 중후하고 중립적 가치를 선호하는 캐릭터입니다. {name} 님은 무디들 중에서도 차분함과 성실성의 비율이 가장 많네요. 안에서 밖으로 퍼져 나가는 묵직한 힘을 간직하고, 느리지만 머물며 관조하는 힘이 대단합니다. 차분한 마음으로 완벽한 안정을 추구하며, 성실한 노력을 통해 널리 세상을 평화롭게 만드는 무디입니다.","Moodey is a character with a heavy and neutral value preference. {name} has the highest proportion of calmness and diligence among the Moodeys. With the powerful energy that flows from inside to outside, {name} holds a contemplative and slow-moving strength. With calmness that seeks perfect stability and sincerity in effort, {name} is/are a Moodey who makes the world peaceful"
무,3,ground,"무디는 중후하고 중립적 가치를 선호하는 캐릭터입니다. {name} 님은 무디들 중에서도 리더십과 활동성의 비율이 가장 많네요. 안에서 밖으로 퍼져 나가는 묵직한 힘을 간직하고, 느리지만 머물며 관조하는 힘이 대단합니다. 합리적 리더십과 절제력 있는 활동성으로 널리 세상을 평화롭게 만드는 무디입니다.","Moodey is a character with a heavy and neutral value preference. {name} has the highest proportion of leadership and activity among the Moodeys. With the powerful energy that flows from inside to outside, {name} holds a contemplative and slow-moving strength. With rational leadership and restrained activity, {name} is/are a Moodey who makes the world peaceful."
무,3,fire,"무디는 중후하고 중립적 가치를 선호하는 캐릭터입니다. {name} 님은 무디들 중에서도 리더십과 활동성의 비율이 가장 많네요. 안에서 밖으로 퍼져 나가는 묵직한 힘을 간직하고, 느리지만 머물며 관조하는 힘이 대단합니다. 합리적 리더십과 절제력 있는 활동성으로 널리 세상을 평화롭게 만드는 무디입니다.","Moodey is a character with a heavy and neutral value preference. {name} has the highest proportion of leadership and activity among the Moodeys. With the powerful energy that flows from inside to outside, {name} holds a contemplative and slow-moving strength. With rational leadership and restrained activity, {name} is/are a Moodey who makes the world peaceful."
무,3,wood,"무디는 중후하고 중립적 가치를 선호하는 캐릭터입니다. {name} 님은 무디들 중에서도 인자함과 추진력의 비율이 가장 많네요. 안에서 밖으로 퍼져 나가는 묵직한 힘을 간직하고, 느리지만 머물며 관조하는 힘이 대단합니다. 중후한 추진력과 인자한 마음으로 널리 세상을 평화롭게 만드는 무디입니다.","Moodey is a character with a heavy and neutral value preference. {name} has the highest proportion of kindness and drive among the Moodeys. With the powerful energy that flows from inside to outside, {name} holds a contemplative and slow-moving strength. With deep drive and a kind heart, {name} is/are a Moodey who makes the world peaceful."
신,2,water,"저스팃은 섬세하고 예민하며, 치밀한 성품을 가진 캐릭터입니다. {name} 님은 저스팃들 중에서도 사회성과 처세술의 비율이 가장 많네요. 아래에서 위로 솟는 힘을 간직하고, 밖에서 안으로 들어가, 안을 바깥보다 넓게 만드는 힘이 대단합니다. 대세를 거스를 힘이 없다면 약자들과 연대하는 처세술과, 대세를 만들기 위해 약자들을 교육하는 사회성을 통해 널리 세상을 분명하게 만드는 저스팃입니다.","JUSTit is a character with delicate, sensitive, and meticulous traits. {name} stands out among the JUSTit characters with the highest proportion of social skills and tact. They carry the strength rising from below and push inward while expanding the inside to be wider than the outside. They possess incredible skills for making the world clearer through the art of aligning with the underprivileged and educating them to create a dominant trend."
신,2,gold,"저스팃은 섬세하고 예민하며, 치밀한 성품을 가진 캐릭터입니다. {name} 님은 저스팃들 중에서도 완벽주의와 예리함의 비율이 가장 많네요. 아래에서 위로 솟는 힘을 간직하고, 밖에서 안으로 들어가, 안을 바깥보다 넓게 만드는 힘이 대단합니다. 경쟁을 피할 수 없다면 반드시 이겨야 한다는 완벽주의와, 투쟁을 피하면서도 이길 수 있는 예리한 판단력으로 널리 세상을 분명하게 만드는 저스팃입니다.","JUSTit is a character with delicate, sensitive, and meticulous traits. {name} stands out among the JUSTit characters with the highest proportion of perfectionism and sharpness. They carry the strength rising from below and push inward while expanding the inside to be wider than the outside. They use perfectionism to ensure victory in unavoidable competition and sharp judgment to win while avoiding unnecessary conflict, making the world clearer."
신,2,ground,"저스팃은 섬세하고 예민하며, 치밀한 성품을 가진 캐릭터입니다. {name} 님은 저스팃들 중에서도 리더십과 활동성의 비율이 가장 많네요. 아래에서 위로 솟는 힘을 간직하고, 밖에서 안으로 들어가, 안을 바깥보다 넓게 만드는 힘이 대단합니다. 신념에 기반한 섬세한 리더십과, 확신을 동반한 지치지 않는 활동성으로 널리 세상을 분명하게 만드는 저스팃입니다.","JUSTit is a character with delicate, sensitive, and meticulous traits. {name} stands out among the JUSTit characters with the highest proportion of leadership and activity. They carry the strength rising from below and push inward while expanding the inside to be wider than the outside. With belief-based, delicate leadership and unwavering activity, {name} clearly shapes the world."
신,2,fire,"저스팃은 섬세하고 예민하며, 치밀한 성품을 가진 캐릭터입니다. {name} 님은 저스팃들 중에서도 리더십과 활동성의 비율이 가장 많네요. 아래에서 위로 솟는 힘을 간직하고, 밖에서 안으로 들어가, 안을 바깥보다 넓게 만드는 힘이 대단합니다. 신념에 기반한 섬세한 리더십과, 확신을 동반한 지치지 않는 활동성으로 널리 세상을 분명하게 만드는 저스팃입니다.","JUSTit is a character with delicate, sensitive, and meticulous traits. {name} stands out among the JUSTit characters with the highest proportion of leadership and activity. They carry the strength rising from below and push inward while expanding the inside to be wider than the outside. With belief-based, delicate leadership and unwavering activity, {name} clearly shapes the world."
신,2,wood,"저스팃은 섬세하고 예민하며, 치밀한 성품을 가진 캐릭터입니다. {name} 님은 저스팃들 중에서도 인자함과 추진력의 비율이 가장 많네요. 아래에서 위로 솟는 힘을 간직하고, 밖에서 안으로 들어가, 안을 바깥보다 넓게 만드는 힘이 대단합니다. 특유의 날카로움을 타인을 공격하기 위해 사용하지 않는 인자함과, 오차를 허용하지 않는 치밀한 추진력으로 널리 세상을 분명하게 만드는 저스팃입니다.","JUSTit is a character with delicate, sensitive, and meticulous traits. {name} stands out among the JUSTit characters with the highest proportion of kindness and drive. They carry the strength rising from below and push inward while expanding the inside to be wider than the outside. With unique kindness that doesn't use sharpness to attack others, and meticulous drive that doesn’t allow room for mistakes, {name} shapes the world clearly."
경,2,water,"저스팃은 원칙적이고 단호한 성품을 가진 캐릭터입니다. {name} 님은 저스팃들 중에서도 사회성과 처세술의 비율이 가장 많네요. 위에서 아래로 떨어뜨리는 힘을 집행하며, 안에서 밖으로 헤치고 나가는 힘이 대단합니다. 스스로 만들어 낸 구조와, 합의된 질서를 매우 중요시하는군요. 앞에서 끌어 주는 사람을 존중하는 처세술과, 뒤에서 따라 오는 사람들을 배려하는 사회성을 통해 널리 세상을 질서 있게 만드는 저스팃입니다.","JUSTit is a principled and resolute character. {name} stands out among the JUSTit characters with the highest proportion of social skills and tact. They execute the power of falling from above and push outward from within, respecting the structures they’ve created and the agreements that are in place. With tact that respects those who lead and the social ability to consider those who follow, {name} brings order to the world"
경,2,gold,"저스팃은 원칙적이고 단호한 성품을 가진 캐릭터입니다. {name} 님은 저스팃들 중에서도 완벽주의와 예리함의 비율이 가장 많네요. 위에서 아래로 떨어뜨리는 힘을 집행하며, 안에서 밖으로 헤치고 나가는 힘이 대단합니다. 스스로 만들어 낸 구조와, 합의된 질서를 매우 중요시하는군요. 경쟁에서 반드시 이기기 위해 완벽을 추구하지만, 투쟁만으로는 이길 수 없다는 예리한 통찰력으로 널리 세상을 질서 있게 만드는 저스팃입니다.","JUSTit is a principled and resolute character. {name} stands out among the JUSTit characters with the highest proportion of perfectionism and sharpness. They execute the power of falling from above and push outward from within, respecting the structures they’ve created and the agreements that are in place. With a perfectionist drive to win in competition and sharp insight into the realization that struggle alone won’t ensure victory, {name} brings order to the world"
경,2,ground,"저스팃은 원칙적이고 단호한 성품을 가진 캐릭터입니다. {name} 님은 저스팃들 중에서도 차분함과 성실함의 비율이 가장 많네요. 위에서 아래로 떨어뜨리는 힘을 집행하며, 안에서 밖으로 헤치고 나가는 힘이 대단합니다. 스스로 만들어 낸 구조와, 합의된 질서를 매우 중요시하는군요. 단호하지만 무리하지 않는 차분함과, 때를 기다리며 칼을 가는 성실함을 통해 널리 세상을 질서 있게 만드는 저스팃입니다.","JUSTit is a principled and resolute character. {name} stands out among the JUSTit characters with the highest proportion of calmness and diligence. They execute the power of falling from above and push outward from within, respecting the structures they’ve created and the agreements that are in place. With a calmness that doesn’t overreach and a diligence that waits for the right moment, {name} shapes the world with order and stability"
경,2,fire,"저스팃은 원칙적이고 단호한 성품을 가진 캐릭터입니다. {name} 님은 저스팃들 중에서도 리더십과 활동성의 비율이 가장 많네요. 위에서 아래로 떨어뜨리는 힘을 집행하며, 안에서 밖으로 헤치고 나가는 힘이 대단합니다.. 스스로 만들어 낸 구조와, 합의된 질서를 매우 중요시하는군요. 원칙을 기반으로 한 리더십과, 목표 지향적 활동성을 통해 널리 세상을 질서 있게 만드는 저스팃입니다.","JUSTit is a principled and resolute character. {name} stands out among the JUSTit characters with the highest proportion of leadership and activity. They execute the power of falling from above and push outward from within, respecting the structures they’ve created and the agreements that are in place. With principled leadership and goal-oriented activity, {name} creates order in the world"
경,2,wood,"저스팃은 원칙적이고 단호한 성품을 가진 캐릭터입니다. {name} 님은 저스팃들 중에서도 인자함과 추진력의 비율이 가장 많네요. 위에서 아래로 떨어뜨리는 힘을 집행하며, 안에서 밖으로 헤치고 나가는 힘이 대단합니다. 스스로 만들어 낸 구조와, 합의된 질서를 매우 중요시하는군요. 원칙을 안 지키는 사람들에게도 인자한 마음을 가지려 노력합니다. 하지만 나는 반드시 원칙을 지킨다는 강한 신념과 불굴의 추진력을 통해 널리 세상을 질서 있게 만드는 저스팃입니다.","JUSTit is a principled and resolute character. {name} stands out among the JUSTit characters with the highest proportion of kindness and drive. They execute the power of falling from above and push outward from within, respecting the structures they’ve created and the agreements that are in place. With kindness even for those who don’t follow the rules, {name} brings order to the world through strong beliefs and relentless drive"
을,5,water,"유피는 부드럽고 온화한 성품을 가진 캐릭터입니다. {name}님은 유피들 중에서도 사회성과 처세술의 비율이 가장 많네요. 위에서 아래로 떨어지는 힘을 간직하면서 밖에서 안으로 밀고 들어가려는 힘이 대단합니다. 머물러야 할 때를 알지만 뛰쳐 나가려는 사람을 붙잡지 않는 처세술과, 머무는 곳에서 새롭게 시작하는 사람들을 응원하는 사회성을 통해 널리 사람을 이롭게 하는 유피입니다.","YuPEE is a character with a soft and gentle nature. {name} stands out among the YuPEE characters with the highest proportion of social skills and tact. With a strength that falls from above and a great force that pushes inward, they know when to stay put and when not to hold back. Their social ability and tact bring great benefit to others by supporting those who are beginning new ventures"
갑,5,water,"유피는 따뜻하고 자상한 성품을 가진 캐릭터입니다. {name}님은 유피들 중에서도 사회성과 처세술의 비율이 가장 많네요. 아래에서 위로 솟는 힘을 분출하면서 안에서 밖으로 뻗어 나가는 힘이 대단합니다. 진보적이지만 보수적 현실을 받아들이는 처세술과, 이상을 추구하지만 현실주의자들을 인정하는 사회성으로 널리 사람을 이롭게 하는 유피입니다.","YuPEE is a character with a warm and caring nature. {name} stands out among the YuPEE characters with the highest proportion of social skills and tact. They generate strength from below and extend outward. With a progressive yet pragmatic approach to life and a social ability that recognizes realists, {name} enriches the world"
을,5,gold,"유피는 부드럽고 온화한 성품을 가진 캐릭터입니다. {name} 님은 유피들 중에서도 차분함과 성실함의 비율이 가장 많네요. 위에서 아래로 떨어지는 힘을 간직하면서 밖에서 안으로 밀고 들어가려는 힘이 대단합니다. 무엇을 위해 어디로 가야 하는지를 분명히 아는 예리한 지성과, 보이지 않는 곳에서도 최선을 다하는 완벽주의를 통해 널리 사람을 이롭게 하는 유피입니다.","YuPEE is a character with a soft and gentle nature. {name} stands out among the YuPEE characters with the highest proportion of calmness and diligence. They carry strength from above while pushing inward with great force. With clarity and sharp intelligence about where they should go and what to do, coupled with perfectionism, {name} enriches the world"
갑,5,gold,"유피는 따뜻하고 자상한 성품을 가진 캐릭터입니다. {name}님은 유피들 중에서도 완벽주의와 예리함의 비율이 가장 많네요. 아래에서 위로 솟는 힘을 분출하면서 안에서 밖으로 뻗어 나가는 힘이 대단합니다. 진취적이면서도 예리한 판단력과, 완벽주의를 통해 이상을 현실로 만들어가며 널리 사람을 이롭게 하는 유피입니다.","YuPEE is a character with a warm and caring nature. {name} stands out among the YuPEEs with the highest proportion of perfectionism and sharpness. They unleash strength rising from below and extend outward with incredible power. With a progressive yet sharp judgment and perfectionism, {name} turns ideals into reality, greatly benefiting others."
을,5,ground,"유피는 부드럽고 온화한 성품을 가진 캐릭터입니다. {name}님은 유피들 중에서도 차분함과 성실함의 비율이 가장 많네요. 위에서 아래로 떨어지는 힘을 간직하면서 밖에서 안으로 밀고 들어가려는 힘이 대단합니다. 원만한 지혜를 통해 얻은 차분함과, 중용의 가치를 현실에서 실현하려는 성실함으로 널리 사람을 이롭게 하는 유피입니다.","YuPEE is a character with a soft and gentle nature. {name} stands out among the YuPEEs with the highest proportion of calmness and diligence. They carry strength falling from above while pushing inward with great force. With wisdom gained through balance, {name} brings the value of moderation into reality and enriches the world through their sincerity."
갑,5,ground,"유피는 따뜻하고 자상한 성품을 가진 캐릭터입니다. {name}님은 유피들 중에서도 차분함과 성실함의 비율이 가장 많네요. 아래에서 위로 솟는 힘을 분출하며 안에서 밖으로 뻗어 나가는 힘이 대단합니다. 현실을 정확히 파악하고 무리하지 않는 차분함과, 중용의 가치를 지키기 위해 쉬지 않고 전진하는 성실함을 통해 널리 사람을 이롭게 하는 유피입니다.","YuPEE is a character with a warm and caring nature. {name} stands out among the YuPEEs with the highest proportion of calmness and diligence. They unleash strength rising from below and extend outward with great power. With an accurate understanding of reality and calmness that avoids overreaching, {name} advances steadily, enriching the world through their tireless sincerity"
을,5,fire,"유피는 부드럽고 온화한 성품을 가진 캐릭터입니다. {name}님은 유피들 중에서도 리더십과 활동성의 비율이 가장 많네요. 위에서 아래로 떨어지는 힘을 간직하면서 밖에서 안으로 밀고 들어가려는 힘이 대단합니다. 지혜롭고 현실적인 리더십과, 은근하면서도 실속 있는 활동성을 통해 널리 사람을 이롭게 하는 유피입니다.","YuPEE is a character with a soft and gentle nature. {name} stands out among the YuPEEs with the highest proportion of leadership and activity. They carry strength falling from above while pushing inward with great force. With wise and realistic leadership and subtle, practical activity, {name} greatly enriches others"
갑,5,fire,"유피는 따뜻하고 자상한 성품을 가진 캐릭터입니다. {name}님은 유피들 중에서도 리더십과 활동성의 비율이 가장 많네요. 아래에서 위로 솟는 힘을 분출하며 안에서 밖으로 뻗어 나가는 힘이 대단합니다. 원숙하고 노련한 리더십과, 공정하고 개방적인 활동성으로 널리 사람을 이롭게 하는 유피입니다.","YuPEE is a character with a warm and caring nature. {name} stands out among the YuPEEs with the highest proportion of leadership and activity. They unleash strength rising from below and extend outward with great power. With mature and experienced leadership and fair, open activity, {name} enriches the world with their guidance"
을,5,wood,"유피는 부드럽고 온화한 성품을 가진 캐릭터입니다. {name}님은 유피들 중에서도 인자함과 추진력의 비율이 가장 많네요. 위에서 아래로 떨어지는 힘을 간직하면서 밖에서 안으로 밀고 들어가려는 힘이 대단합니다. 절제하며 때를 기다리는 무서운 응집력과, 낙오자를 추스르며 함께 전진하는 인자한 마음을 통해 널리 사람을 이롭게 하는 유피입니다.","YuPEE is a character with a soft and gentle nature. {name} stands out among the YuPEEs with the highest proportion of kindness and drive. They carry strength falling from above while pushing inward with great force. With disciplined, focused determination and a compassionate heart that brings others along, {name} enriches the world by helping others advance"
갑,5,wood,"유피는 따뜻하고 자상한 성품을 가진 캐릭터입니다. {name}님은 유피들 중에서도 인자함과 추진력의 비율이 가장 많네요. 아래에서 위로 솟는 힘을 분출하며 안에서 밖으로 뻗어 나가는 힘이 대단합니다. 언 땅을 뚫고 올라오는 새싹처럼 강력한 추진력과, 경쟁자마저 도우며 함께 성장하는 인자한 마음을 통해 널리 사람을 이롭게 하는 유피입니다.","YuPEE is a character with a warm and caring nature. {name} stands out among the YuPEEs with the highest proportion of kindness and drive. They unleash strength rising from below and extend outward with great power. Like a strong sprout breaking through frozen ground, {name}'s powerful drive, coupled with a kind heart that helps competitors grow together, enriches the world"